,ALA,ARG,ASN,ASP,CYS,GLN,GLU,GLY,HIS,ILE,LEU,LYS,MET,PHE,PRO,SER,THR,TRP,TYR,VAL
ALA,6.000000,-8.000000,-5.000000,-4.000000,-8.000000,-5.000000,-3.000000,-3.000000,-8.000000,-6.000000,-7.000000,-8.000000,-6.000000,-9.000000,-2.000000,-1.000000,-1.000000,-16.000000,-9.000000,-3.000000
ARG,-8.000000,9.000000,-7.000000,-12.000000,-9.000000,-2.000000,-11.000000,-11.000000,-3.000000,-6.000000,-10.000000,-1.000000,-5.000000,-10.000000,-5.000000,-4.000000,-8.000000,-3.000000,-11.000000,-9.000000
ASN,-5.000000,-7.000000,8.000000,1.000000,-13.000000,-5.000000,-3.000000,-4.000000,-1.000000,-6.000000,-8.000000,-2.000000,-11.000000,-10.000000,-7.000000,-1.000000,-3.000000,-9.000000,-5.000000,-9.000000
ASP,-4.000000,-12.000000,1.000000,8.000000,-16.000000,-4.000000,2.000000,-4.000000,-5.000000,-9.000000,-15.000000,-6.000000,-13.000000,-17.000000,-9.000000,-5.000000,-6.000000,-17.000000,-13.000000,-9.000000
CYS,-8.000000,-9.000000,-13.000000,-16.000000,10.000000,-16.000000,-16.000000,-11.000000,-8.000000,-7.000000,-17.000000,-16.000000,-16.000000,-15.000000,-9.000000,-4.000000,-9.000000,-18.000000,-5.000000,-7.000000
GLN,-5.000000,-2.000000,-5.000000,-4.000000,-16.000000,9.000000,0.000000,-8.000000,0.000000,-9.000000,-6.000000,-4.000000,-5.000000,-15.000000,-4.000000,-6.000000,-7.000000,-15.000000,-14.000000,-8.000000
GLU,-3.000000,-11.000000,-3.000000,2.000000,-16.000000,0.000000,8.000000,-5.000000,-6.000000,-6.000000,-10.000000,-5.000000,-8.000000,-16.000000,-7.000000,-5.000000,-7.000000,-19.000000,-9.000000,-8.000000
GLY,-3.000000,-11.000000,-4.000000,-4.000000,-11.000000,-8.000000,-5.000000,7.000000,-10.000000,-13.000000,-12.000000,-8.000000,-10.000000,-10.000000,-7.000000,-3.000000,-7.000000,-17.000000,-16.000000,-7.000000
HIS,-8.000000,-3.000000,-1.000000,-5.000000,-8.000000,0.000000,-6.000000,-10.000000,9.000000,-11.000000,-7.000000,-8.000000,-13.000000,-7.000000,-5.000000,-7.000000,-8.000000,-8.000000,-4.000000,-7.000000
ILE,-6.000000,-6.000000,-6.000000,-9.000000,-7.000000,-9.000000,-6.000000,-13.000000,-11.000000,9.000000,-2.000000,-7.000000,-2.000000,-3.000000,-10.000000,-8.000000,-3.000000,-16.000000,-7.000000,1.000000
LEU,-7.000000,-10.000000,-8.000000,-15.000000,-17.000000,-6.000000,-10.000000,-12.000000,-7.000000,-2.000000,7.000000,-9.000000,0.000000,-4.000000,-8.000000,-9.000000,-8.000000,-7.000000,-8.000000,-3.000000
LYS,-8.000000,-1.000000,-2.000000,-6.000000,-16.000000,-4.000000,-5.000000,-8.000000,-8.000000,-7.000000,-9.000000,7.000000,-3.000000,-16.000000,-8.000000,-5.000000,-4.000000,-14.000000,-10.000000,-10.000000
MET,-6.000000,-5.000000,-11.000000,-13.000000,-16.000000,-5.000000,-8.000000,-10.000000,-13.000000,-2.000000,0.000000,-3.000000,11.000000,-5.000000,-9.000000,-6.000000,-5.000000,-15.000000,-13.000000,-2.000000
PHE,-9.000000,-10.000000,-10.000000,-17.000000,-15.000000,-15.000000,-16.000000,-10.000000,-7.000000,-3.000000,-4.000000,-16.000000,-5.000000,9.000000,-11.000000,-7.000000,-10.000000,-6.000000,1.000000,-9.000000
PRO,-2.000000,-5.000000,-7.000000,-9.000000,-9.000000,-4.000000,-7.000000,-7.000000,-5.000000,-10.000000,-8.000000,-8.000000,-9.000000,-11.000000,8.000000,-3.000000,-5.000000,-16.000000,-16.000000,-7.000000
SER,-1.000000,-4.000000,-1.000000,-5.000000,-4.000000,-6.000000,-5.000000,-3.000000,-7.000000,-8.000000,-9.000000,-5.000000,-6.000000,-7.000000,-3.000000,7.000000,0.000000,-6.000000,-8.000000,-8.000000
THR,-1.000000,-8.000000,-3.000000,-6.000000,-9.000000,-7.000000,-7.000000,-7.000000,-8.000000,-3.000000,-8.000000,-4.000000,-5.000000,-10.000000,-5.000000,0.000000,7.000000,-15.000000,-7.000000,-4.000000
TRP,-16.000000,-3.000000,-9.000000,-17.000000,-18.000000,-15.000000,-19.000000,-17.000000,-8.000000,-16.000000,-7.000000,-14.000000,-15.000000,-6.000000,-16.000000,-6.000000,-15.000000,13.000000,-6.000000,-18.000000
TYR,-9.000000,-11.000000,-5.000000,-13.000000,-5.000000,-14.000000,-9.000000,-16.000000,-4.000000,-7.000000,-8.000000,-10.000000,-13.000000,1.000000,-16.000000,-8.000000,-7.000000,-6.000000,10.000000,-8.000000
VAL,-3.000000,-9.000000,-9.000000,-9.000000,-7.000000,-8.000000,-8.000000,-7.000000,-7.000000,1.000000,-3.000000,-10.000000,-2.000000,-9.000000,-7.000000,-8.000000,-4.000000,-18.000000,-8.000000,7.000000